time,latitude,longitude,depth,mag,magType,nst,gap,dmin,rms,net,id,updated,place,type,horizontalError,depthError,magError,magNst,status,locationSource,magSource
2026-02-27T19:24:04.944Z,35.9246,74.9352,46.625,4.2,mb,65,122,3.085,0.71,us,us7000s0vh,2026-02-27T22:28:13.040Z,"49 km SSE of Barishal, Pakistan",earthquake,8.74,7.956,0.073,55,reviewed,us,us
2026-02-27T07:52:24.828Z,22.4513,89.1394,9.751,5.3,mb,69,72,5.509,0.87,us,us7000s0pc,2026-02-28T03:40:52.568Z,"26 km SE of Tāki, India",earthquake,8.86,4.198,0.069,70,reviewed,us,us
2026-02-26T11:52:11.819Z,27.1964,88.0455,10,4.3,mb,36,165,3.688,1.24,us,us7000s0fm,2026-02-27T02:55:50.425Z,"20 km WNW of Naya Bāzār, India",earthquake,8.61,1.924,0.094,32,reviewed,us,us
2026-02-26T06:04:05.886Z,27.2107,88.2146,10,4.8,mb,53,90,8.551,0.86,us,us7000s0ec,2026-02-27T07:51:23.947Z,"9 km NNW of Naya Bāzār, India",earthquake,12.15,1.889,0.072,59,reviewed,us,us
2026-02-25T16:51:49.402Z,22.999,94.8268,129.684,5.1,mb,65,48,1.787,0.81,us,us7000s096,2026-02-26T14:25:53.617Z,"83 km SSE of Mawlaik, Burma (Myanmar)",earthquake,8.58,6.204,0.06,90,reviewed,us,us
2026-02-25T11:12:06.125Z,36.9655,71.5126,104.233,5.4,mww,69,27,1.551,1.05,us,us7000s06h,2026-02-27T20:20:53.295Z,"28 km NNW of Ishqoshim, Tajikistan",earthquake,4.95,6.13,0.078,16,reviewed,us,us
2026-02-25T03:15:54.865Z,24.6797,97.4243,10,4.8,mb,49,86,4.159,0.98,us,us7000s053,2026-02-25T03:48:41.040Z,"43 km W of Taiping, China",earthquake,10.8,1.886,0.082,46,reviewed,us,us
2026-02-23T05:02:11.341Z,11.6818,91.6573,10,4.7,mb,42,113,7.756,0.56,us,us6000sayu,2026-02-23T05:32:09.040Z,"115 km W of Bamboo Flat, India",earthquake,7.51,1.901,0.11,25,reviewed,us,us
2026-02-21T04:28:01.587Z,34.3122,72.1548,10,3.4,mb,18,246,2.505,1.16,us,us6000sakl,2026-02-22T15:44:33.181Z,"15 km NE of Mardan, Pakistan",earthquake,7.68,2.019,0.283,3,reviewed,us,us
2026-02-20T13:09:54.336Z,35.593,69.7614,90.712,5.8,mww,108,28,1.192,0.83,us,us6000sadt,2026-02-21T13:34:19.848Z,"38 km NE of Bāzārak, Afghanistan",earthquake,6.8,6.05,0.06,27,reviewed,us,us
2026-02-19T04:40:38.634Z,33.6365,81.6897,10,4.1,mb,23,158,7.802,1,us,us6000sa44,2026-02-19T05:18:35.040Z,"western Xizang",earthquake,10.61,1.944,0.131,16,reviewed,us,us
2026-02-16T22:50:47.687Z,20.4779,93.9134,41.933,4.4,mb,44,63,1.185,0.52,us,us6000s9r0,2026-02-19T00:22:49.040Z,"99 km W of Yenangyaung, Burma (Myanmar)",earthquake,8.03,6.68,0.105,26,reviewed,us,us
2026-02-14T22:58:11.144Z,36.5038,70.2425,209.51,4.3,mb,44,158,2.181,1.03,us,us6000s99m,2026-02-15T03:27:49.040Z,"35 km ESE of Farkhār, Afghanistan",earthquake,8,7.964,0.109,24,reviewed,us,us
2026-02-13T06:30:22.360Z,28.3204,67.1802,10,5.5,mb,83,54,6.397,0.84,us,us6000s8pw,2026-02-23T20:39:22.040Z,"79 km NE of Khuzdar, Pakistan",earthquake,8.77,1.844,0.054,119,reviewed,us,us
2026-02-12T22:12:32.689Z,36.5496,67.5055,10,4.5,mb,26,180,2.426,1.07,us,us6000s8lg,2026-02-13T08:16:23.344Z,"23 km SW of Khulm, Afghanistan",earthquake,6.29,1.947,0.135,16,reviewed,us,us
2026-02-11T20:10:56.345Z,37.2484,69.7226,43.495,4.3,mb,50,87,2.433,0.93,us,us6000s7ws,2026-02-26T18:14:09.040Z,"16 km NW of Rustāq, Afghanistan",earthquake,4.46,7.067,0.102,27,reviewed,us,us
2026-02-11T04:13:30.865Z,32.8734,85.0549,10,4.3,mb,42,154,6.082,1.12,us,us7000s0hn,2026-02-27T02:42:19.040Z,"western Xizang",earthquake,7.76,1.886,0.101,28,reviewed,us,us
2026-02-10T01:53:53.396Z,37.6827,71.8036,118.802,4.2,mb,42,158,0.828,0.73,us,us6000s7jw,2026-02-10T03:14:08.040Z,"30 km NE of Khorugh, Tajikistan",earthquake,6.84,6.201,0.102,27,reviewed,us,us
2026-02-08T19:41:09.674Z,36.588,71.2699,102.025,4.2,mb,32,98,1.975,0.8,us,us6000s7bt,2026-02-27T19:32:54.040Z,"25 km WSW of Ashkāsham, Afghanistan",earthquake,5.28,8.055,0.096,30,reviewed,us,us
2026-02-07T13:05:24.295Z,27.3763,88.1143,10,4.6,mb,59,69,8.729,0.86,us,us6000s757,2026-02-07T18:25:56.492Z,"17 km NW of Gyalshing, India",earthquake,9.34,1.885,0.074,54,reviewed,us,us
2026-02-06T02:24:56.221Z,37.8814,76.6055,10,4.5,mb,55,97,3.279,0.97,us,us6000s6ut,2026-02-25T04:03:04.040Z,"8 km WNW of Huoshilafu, China",earthquake,7.83,1.875,0.086,39,reviewed,us,us
2026-02-06T01:49:37.481Z,32.9493,83.2371,10,4.1,mb,24,148,10.254,0.98,us,us6000safs,2026-02-26T03:11:19.040Z,"western Xizang",earthquake,10.29,2.283,0.151,12,reviewed,us,us
2026-02-06T00:33:06.410Z,23.511,94.9478,10,5.2,mb,64,44,2.294,0.95,us,us6000s6ug,2026-02-06T01:13:42.040Z,"57 km ESE of Mawlaik, Burma (Myanmar)",earthquake,6.43,1.753,0.067,72,reviewed,us,us
2026-02-05T21:00:27.499Z,32.8856,83.1108,10,4.3,mb,20,166,7.557,1.17,us,us6000s6t9,2026-02-07T00:41:14.040Z,"western Xizang",earthquake,9.46,1.953,0.119,20,reviewed,us,us
2026-02-05T20:50:42.049Z,27.0951,88.1766,10,4.4,mb,48,157,3.675,0.65,us,us6000s6t5,2026-02-27T19:09:22.040Z,"7 km WSW of Naya Bāzār, India",earthquake,10.64,1.91,0.088,37,reviewed,us,us
2026-02-05T19:39:28.253Z,27.2775,88.1055,10,4.6,mb,73,73,3.594,0.87,us,us6000s6si,2026-02-27T18:57:52.119Z,"15 km W of Gyalshing, India",earthquake,7.57,1.478,0.068,64,reviewed,us,us
2026-02-05T18:09:49.236Z,36.4973,70.1329,226.436,4.1,mb,27,120,2.139,0.75,us,us6000s6q0,2026-02-27T18:34:00.040Z,"26 km ESE of Farkhār, Afghanistan",earthquake,8.59,9.61,0.144,14,reviewed,us,us
2026-02-04T18:39:44.492Z,24.7625,95.2248,132.44,4.5,mb,66,70,3.551,0.78,us,us6000s6h9,2026-02-19T20:50:39.040Z,"119 km E of Wāngjing, India",earthquake,11.79,6.958,0.077,49,reviewed,us,us
2026-02-04T06:26:07.627Z,33.0096,83.2744,10,4.9,mb,62,78,7.48,0.74,us,us6000s6by,2026-02-23T09:09:05.040Z,"western Xizang",earthquake,9.06,1.793,0.089,39,reviewed,us,us
2026-02-04T03:27:29.644Z,26.686,92.2956,10,4.2,mb,23,144,3.178,0.63,us,us6000sa88,2026-02-20T22:36:58.029Z,"18 km W of Dhekiajuli, India",earthquake,10.26,1.925,0.141,14,reviewed,us,us
2026-02-03T15:51:31.064Z,20.5355,94.0461,71.545,5.1,mb,176,18,1.052,0.46,us,us6000s65j,2026-02-25T18:52:46.108Z,"86 km W of Yenangyaung, Burma (Myanmar)",earthquake,7.08,4.705,0.044,165,reviewed,us,us
2026-02-03T15:34:01.535Z,20.4368,93.9466,58.953,5.8,mww,295,21,1.187,0.54,us,us6000s65b,2026-02-25T18:48:31.082Z,"96 km W of Yenangyaung, Burma (Myanmar)",earthquake,6.68,4.076,0.069,20,reviewed,us,us
2026-02-02T00:05:53.083Z,33.9389,74.6227,10,4.8,mb,54,84,4.583,0.58,us,us6000s5we,2026-02-25T03:40:10.380Z,"15 km WNW of Tsrār Sharīf, India",earthquake,9.93,1.816,0.073,58,reviewed,us,us
2026-02-02T00:04:04.726Z,22.7525,94.6661,99.044,4.4,mb,27,93,1.557,0.5,us,us6000s9z9,2026-02-26T03:17:33.040Z,"86 km NW of Monywa, Burma (Myanmar)",earthquake,9.47,9.997,0.138,15,reviewed,us,us
2026-02-01T22:01:02.450Z,7.5347,94.1398,103.479,4.5,mb,43,83,7.073,0.74,us,us6000s9tp,2026-02-17T21:36:03.040Z,"223 km NW of Sabang, Indonesia",earthquake,10.89,8.616,0.101,29,reviewed,us,us
2026-02-01T19:36:09.064Z,34.4535,70.5776,10,4.4,mb,41,143,1.193,0.88,us,us6000s5vp,2026-02-23T16:19:24.040Z,"11 km ENE of Jalālābād, Afghanistan",earthquake,7.44,1.888,0.105,26,reviewed,us,us
2026-02-01T18:04:10.206Z,37.8494,71.8692,107.174,4.5,mb,76,73,0.671,0.89,us,us6000s5vi,2026-02-22T21:50:23.040Z,"48 km NE of Khorugh, Tajikistan",earthquake,6.58,6.173,0.052,109,reviewed,us,us
2026-01-26T00:00:49.159Z,36.608,71.0027,135.933,4.2,mb,39,108,2.515,0.85,us,us7000rs10,2026-02-18T00:47:30.040Z,"32 km SSE of Jurm, Afghanistan",earthquake,9.63,7.206,0.11,23,reviewed,us,us
2026-01-25T10:43:40.449Z,22.7579,94.0306,59.498,4.3,mb,39,163,1.75,0.61,us,us6000s7vw,2026-02-24T06:47:51.040Z,"40 km ESE of Falam, Burma (Myanmar)",earthquake,10.07,8.399,0.109,24,reviewed,us,us
2026-01-24T16:38:52.515Z,25.964,90.6263,10,4.2,mb,39,156,3.751,0.86,us,us7000rrtz,2026-02-11T19:15:40.219Z,"23 km S of Goālpāra, India",earthquake,9.7,1.905,0.098,29,reviewed,us,us
2026-01-23T06:24:09.080Z,36.5003,70.6031,210.007,4.2,mb,29,156,2.315,0.47,us,us6000s6y2,2026-02-07T07:54:55.040Z,"45 km SSW of Jurm, Afghanistan",earthquake,9.08,10.364,0.11,23,reviewed,us,us
2026-01-22T15:30:03.941Z,36.3881,70.8205,179.045,4.5,mb,48,78,2.321,0.92,us,us7000rrcp,2026-02-13T21:09:21.040Z,"52 km S of Jurm, Afghanistan",earthquake,3.58,7.969,0.068,63,reviewed,us,us
2026-01-22T04:08:32.830Z,36.5716,70.8291,191.809,4.2,mb,36,108,2.181,0.79,us,us7000rr9b,2026-02-15T03:21:24.040Z,"32 km S of Jurm, Afghanistan",earthquake,9.05,9.721,0.115,21,reviewed,us,us
2026-01-21T21:43:05.761Z,27.3134,96.9254,29.916,5.2,mb,187,29,5.629,0.61,us,us7000rr7m,2026-02-12T02:44:46.040Z,"92 km SSE of Hayuliang, India",earthquake,8.3,3.784,0.045,163,reviewed,us,us
2026-01-21T12:34:32.902Z,37.363,68.4813,10,4.4,mb,48,156,1.398,0.58,us,us7000rr3l,2026-02-08T09:57:45.040Z,"14 km SSW of Jilikŭl, Tajikistan",earthquake,7.42,1.938,0.093,33,reviewed,us,us
2026-01-20T17:58:33.446Z,35.4911,78.4072,10,4.5,mb,61,176,5.518,0.67,us,us6000s6mc,2026-02-05T22:39:12.040Z,"159 km ENE of Thang, India",earthquake,7.77,1.923,0.081,45,reviewed,us,us
2026-01-20T15:46:56.553Z,37.3231,71.8616,108.937,4.3,mb,61,77,1.105,0.88,us,us7000rqux,2026-02-07T19:47:41.040Z,"32 km SE of Khorugh, Tajikistan",earthquake,6.24,6.308,0.075,51,reviewed,us,us
2026-01-19T15:43:57.332Z,17.3629,95.7995,10,4.4,mb,30,173,2.827,0.46,us,us7000rql1,2026-02-05T17:56:34.395Z,"32 km S of Tharyarwady, Burma (Myanmar)",earthquake,11.6,1.927,0.139,15,reviewed,us,us
2026-01-19T06:32:35.439Z,36.7971,74.4139,59.139,4.6,mb,72,90,2.154,0.65,us,us6000s6g6,2026-02-12T15:08:09.040Z,"58 km NNW of Barishal, Pakistan",earthquake,8.46,7.916,0.069,62,reviewed,us,us
2026-01-19T06:21:10.314Z,36.7103,74.4042,23,5.6,mww,156,55,2.211,0.59,us,us7000rqik,2026-02-12T14:03:24.608Z,"50 km NNW of Barishal, Pakistan",earthquake,8.68,1.837,0.061,26,reviewed,us,us
2026-01-19T00:58:26.069Z,37.2499,73.5005,10,4.2,mb,20,246,1.332,0.41,us,us6000s6fv,2026-02-11T01:59:42.040Z,"110 km SSW of Murghob, Tajikistan",earthquake,12.3,1.991,0.141,14,reviewed,us,us
2026-01-19T00:20:54.289Z,37.8584,72.176,10,4,mb,17,240,0.515,0.41,us,us6000s6fy,2026-02-11T01:54:02.040Z,"68 km NE of Khorugh, Tajikistan",earthquake,8.91,1.966,0.139,14,reviewed,us,us
2026-01-18T22:08:21.715Z,36.9573,74.4958,10,4.3,mb,11,182,2.093,0.47,us,us6000s6f5,2026-02-11T01:17:13.040Z,"72 km NNW of Barishal, Pakistan",earthquake,6.44,1.992,0.16,11,reviewed,us,us
2026-01-18T01:35:59.235Z,33.8289,65.9655,10,4.4,mb,46,107,6.406,0.82,us,us7000rqd2,2026-02-05T22:20:26.040Z,"101 km SE of Fayrōz Kōh, Afghanistan",earthquake,10.68,1.924,0.093,33,reviewed,us,us
2026-01-15T12:12:17.496Z,21.0522,96.0397,10,4.9,mb,77,54,1.06,0.75,us,us7000rpuq,2026-02-06T14:38:28.375Z,"26 km NE of Meiktila, Burma (Myanmar)",earthquake,6.42,1.859,0.062,120,reviewed,us,us
2026-01-15T07:38:44.963Z,35.9555,71.2359,75.773,4,mb,22,177,2.556,1.18,us,us7000rpt1,2026-02-08T06:30:38.040Z,"65 km NNE of Pārūn, Afghanistan",earthquake,12.26,12.467,0.163,10,reviewed,us,us
2026-01-14T23:18:18.005Z,37.5943,95.1589,10,5,mb,132,41,7.043,0.6,us,us7000rpqr,2026-02-06T04:23:05.949Z,"288 km S of Dunhuang, China",earthquake,8.03,1.821,0.052,119,reviewed,us,us
2026-01-13T14:49:09.548Z,35.1231,69.2107,44.668,4,mb,33,97,3.527,0.54,us,us7000rpen,2026-02-04T16:50:39.040Z,"2 km WNW of Jabal os Saraj, Afghanistan",earthquake,8.4,9.673,0.111,24,reviewed,us,us
2026-01-13T11:51:14.056Z,37.2852,74.5627,10,4.1,mb,30,159,1.939,0.68,us,us7000rpdy,2026-02-05T09:52:30.040Z,"107 km N of Barishal, Pakistan",earthquake,7.91,1.957,0.127,17,reviewed,us,us
2026-01-13T08:40:24.733Z,36.8305,71.3026,184.688,4.3,mb,48,106,1.753,0.9,us,us7000rpd1,2026-02-04T13:07:27.040Z,"26 km NW of Ashkāsham, Afghanistan",earthquake,3.52,8.29,0.103,27,reviewed,us,us
2026-01-12T03:18:16.463Z,36.512,68.2313,10,4.3,mb,35,166,2.264,0.75,us,us7000rp48,2026-02-05T22:36:26.462Z,"33 km NE of Aībak, Afghanistan",earthquake,9.32,1.957,0.109,24,reviewed,us,us
2026-01-11T20:15:40.359Z,24.8059,95.2947,128.873,4.4,mb,88,55,3.6,0.56,us,us7000rp2s,2026-01-31T19:38:09.040Z,"124 km SE of Phek, India",earthquake,8.73,6.977,0.064,71,reviewed,us,us
2026-01-09T13:30:59.763Z,37.3047,74.4743,10,4.4,mb,27,232,1.87,0.74,us,us6000s50f,2026-01-31T15:05:31.040Z,"105 km SSE of Murghob, Tajikistan",earthquake,8.89,1.974,0.134,16,reviewed,us,us
2026-01-09T10:35:39.992Z,35.0096,70.7506,88.081,4.3,mb,58,159,3.579,0.48,us,us7000rnm8,2026-02-05T10:45:54.040Z,"39 km WNW of Asadābād, Afghanistan",earthquake,10.63,8.114,0.094,32,reviewed,us,us
2026-01-08T16:59:59.369Z,37.3193,74.5609,35.207,5.4,mb,105,78,1.92,0.78,us,us7000rng1,2026-02-01T21:50:02.341Z,"107 km SSE of Murghob, Tajikistan",earthquake,7.71,5.277,0.04,215,reviewed,us,us
2026-01-06T21:47:11.846Z,26.9641,91.6187,10,4,mb,17,179,2.763,0.84,us,us6000s4jq,2026-01-28T22:57:43.040Z,"21 km NNE of Samdrup Jongkhar, Bhutan",earthquake,11.33,1.928,0.164,10,reviewed,us,us
2026-01-06T19:17:09.618Z,37.2217,74.5961,10,5,mww,127,78,1.996,0.82,us,us7000rmzt,2026-02-24T15:28:53.040Z,"100 km N of Barishal, Pakistan",earthquake,6.57,1.799,0.078,16,reviewed,us,us
2026-01-06T13:35:19.364Z,34.8003,70.7847,77.686,4.4,mb,92,91,3.763,0.54,us,us7000rmwb,2026-01-29T17:11:15.040Z,"34 km WSW of Asadābād, Afghanistan",earthquake,9.59,7.372,0.061,77,reviewed,us,us
2026-01-06T13:30:04.484Z,10.4383,92.1484,10,4.3,mb,21,179,7.027,1.04,us,us6000s4jg,2026-01-29T16:31:31.040Z,"150 km SSW of Port Blair, India",earthquake,8.95,1.918,0.154,15,reviewed,us,us
2026-01-06T05:25:50.266Z,36.168,69.2373,121.096,4.3,mb,26,197,2.485,0.75,us,us7000rmrq,2026-01-27T15:51:17.040Z,"14 km NE of Nahrīn, Afghanistan",earthquake,9.89,9.766,0.168,10,reviewed,us,us
2026-01-04T22:47:52.226Z,26.326,92.3084,35,4.9,mww,75,96,3.523,0.56,us,us7000rmhe,2026-01-25T21:42:25.040Z,"9 km NNW of Morigaon, India",earthquake,9.22,1.844,0.11,8,reviewed,us,us
2026-01-04T22:47:39.427Z,26.3621,92.3991,41.098,5.2,mb,114,27,3.513,0.41,us,us7000rmhd,2026-02-23T18:34:02.040Z,"13 km NNE of Morigaon, India",earthquake,9.02,4.951,0.04,207,reviewed,us,us
2026-01-03T13:03:15.866Z,36.8998,71.3266,181.109,4.3,mb,26,198,1.684,0.59,us,us7000rm9h,2026-01-30T21:04:14.040Z,"30 km NW of Ashkāsham, Afghanistan",earthquake,9.92,9.941,0.143,14,reviewed,us,us
2026-01-03T10:32:20.101Z,37.2437,71.8756,175.801,4.1,mb,23,200,1.171,0.83,us,us7000rm8y,2026-01-25T07:42:18.040Z,"39 km SE of Khorugh, Tajikistan",earthquake,10.02,9.567,0.151,12,reviewed,us,us
2026-01-01T13:18:59.369Z,22.8108,95.9011,10,5,mb,70,52,1.84,0.76,us,us7000rlx8,2026-01-30T15:45:49.223Z,"33 km NE of Shwebo, Burma (Myanmar)",earthquake,6.93,1.823,0.071,64,reviewed,us,us
2026-01-01T10:16:04.997Z,34.2167,70.9642,10,4.1,mb,35,226,4.664,1.27,us,us7000rrdh,2026-02-02T07:49:47.040Z,"9 km ESE of Bāsawul, Afghanistan",earthquake,10.5,1.978,0.15,15,reviewed,us,us
2026-01-01T06:13:57.165Z,36.8247,71.1565,102.376,4.3,mb,48,216,1.822,0.69,us,us7000rlui,2026-01-25T07:07:41.040Z,"29 km E of Jurm, Afghanistan",earthquake,10.22,9.92,0.089,36,reviewed,us,us
2025-12-29T15:30:29.804Z,26.0392,97.0716,10,4.2,mb,28,117,5.201,0.98,us,us7000rqw2,2026-01-21T16:30:18.040Z,"32 km SE of Sarupathar, India",earthquake,6.96,1.92,0.147,13,reviewed,us,us
2025-12-29T08:59:06.776Z,36.8094,70.3992,204.867,4.4,mb,32,177,2.09,0.59,us,us7000rqvx,2026-01-27T12:19:50.040Z,"37 km SSW of Fayzabad, Afghanistan",earthquake,10.08,8.309,0.155,12,reviewed,us,us
2025-12-28T09:54:55.602Z,37.7812,72.0809,133.289,4.3,mb,24,128,0.619,0.83,us,us7000rl6a,2026-01-23T14:23:37.040Z,"56 km NE of Khorugh, Tajikistan",earthquake,8.25,6.79,0.16,11,reviewed,us,us
2025-12-27T23:21:18.423Z,35.7405,88.5284,10,4.3,mb,25,121,6.406,0.77,us,us7000rl4c,2026-01-22T23:42:06.040Z,"western Xizang",earthquake,12.04,1.934,0.133,16,reviewed,us,us
2025-12-27T18:45:15.085Z,36.9448,71.253,194.25,4.2,mb,52,97,1.68,0.76,us,us7000rl3q,2026-01-21T19:17:30.040Z,"38 km NW of Ashkāsham, Afghanistan",earthquake,7.46,6.771,0.082,41,reviewed,us,us
2025-12-27T12:42:49.553Z,26.7466,92.3604,41.698,4.5,mb,41,148,3.14,0.66,us,us7000rl21,2026-01-22T07:59:23.542Z,"12 km WNW of Dhekiajuli, India",earthquake,10.6,8.117,0.091,35,reviewed,us,us
2025-12-26T16:10:19.195Z,23.3943,82.5615,10,4.2,mb,28,159,9.911,1.15,us,us7000rkwm,2026-02-20T16:20:32.040Z,"14 km N of Baikunthpur, India",earthquake,12.41,1.936,0.115,21,reviewed,us,us
2025-12-25T23:00:05.553Z,23.7096,70.4196,10,4.6,mb,61,75,13.02,0.69,us,us7000rktm,2026-01-18T04:03:50.150Z,"27 km WNW of Rāpar, India",earthquake,7.38,1.854,0.063,74,reviewed,us,us
2025-12-25T15:19:41.275Z,24.828,97.8254,10,4.4,mb,33,123,3.882,0.87,us,us7000rkqh,2026-01-17T20:50:48.040Z,"17 km NW of Yingjiang, China",earthquake,8.12,1.815,0.117,21,reviewed,us,us
2025-12-24T04:09:47.901Z,12.6319,92.7492,35,4.8,mb,46,64,6.44,1.07,us,us7000rkiw,2026-01-18T05:18:18.040Z,"103 km N of Bamboo Flat, India",earthquake,12.1,1.911,0.087,41,reviewed,us,us
2025-12-20T04:37:15.458Z,33.4962,71.9641,10,4.3,mb,27,99,4.825,0.91,us,us7000rplu,2026-01-15T00:06:05.040Z,"8 km NW of Jand, Pakistan",earthquake,5.12,1.919,0.133,17,reviewed,us,us
2025-12-19T06:34:53.631Z,36.2217,69.2333,37.263,4.6,mb,40,148,2.431,0.81,us,us6000rvxr,2026-02-15T09:24:08.040Z,"19 km NNE of Nahrīn, Afghanistan",earthquake,9.89,6.57,0.068,65,reviewed,us,us
2025-12-19T05:39:10.142Z,36.2913,69.2473,35,5.3,mww,122,43,2.362,0.85,us,us6000rvxc,2026-01-14T07:44:35.599Z,"27 km NNE of Nahrīn, Afghanistan",earthquake,7.79,1.88,0.11,8,reviewed,us,us
2025-12-18T00:34:32.270Z,26.1352,97.1858,10,4.6,mb,81,91,5.306,0.52,us,us6000rvkv,2026-01-19T03:45:40.040Z,"38 km ESE of Sarupathar, India",earthquake,9.87,1.878,0.068,64,reviewed,us,us
2025-12-17T11:43:14.769Z,30.0712,69.8249,10,4.4,mb,28,200,8.51,0.68,us,us6000rvg2,2026-01-16T09:11:17.040Z,"34 km ENE of Barkhan, Pakistan",earthquake,14.33,1.947,0.114,22,reviewed,us,us
2025-12-15T19:50:59.270Z,25.405,66.512,10,4.8,mb,60,78,9.348,0.42,us,us6000rv2d,2026-01-09T17:51:41.623Z,"38 km NW of Gadani, Pakistan",earthquake,9.22,1.864,0.069,64,reviewed,us,us
2025-12-13T15:53:32.948Z,30.4466,69.518,37.479,4.4,mb,111,66,8.196,0.49,us,us6000runz,2026-01-07T17:34:28.040Z,"60 km N of Barkhan, Pakistan",earthquake,10.15,6.977,0.056,99,reviewed,us,us
2025-12-13T13:45:31.103Z,6.4483,94.1726,78.481,4.3,mb,25,165,3.014,0.91,us,us7000rn79,2026-01-11T17:58:35.040Z,"140 km WNW of Sabang, Indonesia",earthquake,14.16,10.099,0.129,17,reviewed,us,us
2025-12-13T13:14:55.572Z,30.0781,69.7801,10,4.4,mb,34,184,8.513,1.52,us,us7000rn78,2026-02-07T20:57:31.040Z,"31 km NE of Barkhan, Pakistan",earthquake,8.35,1.936,0.105,26,reviewed,us,us
2025-12-13T06:18:09.957Z,10.9166,93.7806,167.634,4.2,mb,21,80,9.006,0.57,us,us6000rwg8,2026-01-09T07:01:27.040Z,"140 km SE of Port Blair, India",earthquake,15.46,9.262,0.137,15,reviewed,us,us
2025-12-12T14:22:10.906Z,37.642,77.8563,10,4.4,mb,46,96,3.706,0.77,us,us6000ruf6,2026-01-13T15:40:04.040Z,"79 km SE of Zepu, China",earthquake,8.03,1.9,0.112,23,reviewed,us,us
2025-12-11T19:25:47.617Z,37.6452,72.2002,187.375,4.2,mb,31,185,0.703,0.6,us,us7000rmvl,2026-01-09T16:45:19.040Z,"59 km ENE of Khorugh, Tajikistan",earthquake,4.64,6.179,0.131,16,reviewed,us,us
2025-12-11T11:59:21.639Z,32.9051,88.6265,10,5.1,mb,91,79,12.641,0.77,us,us6000ru41,2026-01-07T14:23:48.040Z,"western Xizang",earthquake,8.67,1.803,0.048,141,reviewed,us,us
2025-12-10T09:35:35.862Z,22.5952,96.0249,10,4.7,mb,65,70,1.724,0.44,us,us6000rtv3,2026-01-07T06:43:15.017Z,"33 km E of Shwebo, Burma (Myanmar)",earthquake,4.8,1.809,0.08,48,reviewed,us,us
2025-12-10T07:42:59.419Z,5.3113,94.4019,42.621,4.9,mb,62,97,2.536,0.8,us,us6000rtug,2026-01-07T10:28:08.040Z,"106 km WSW of Banda Aceh, Indonesia",earthquake,8.84,7.467,0.071,62,reviewed,us,us
2025-12-09T15:39:11.542Z,30.4765,81.1429,19.232,4.2,mb,26,132,8.685,0.62,us,us7000rml4,2026-01-06T19:24:06.040Z,"20 km N of Burang, China",earthquake,12.04,6.089,0.121,19,reviewed,us,us
2025-12-09T07:47:39.999Z,34.6827,70.6043,65.43,4.3,mb,52,142,3.927,0.66,us,us6000rtl3,2026-01-06T14:01:10.040Z,"31 km NNE of Jalālābād, Afghanistan",earthquake,11.15,8.308,0.092,36,reviewed,us,us
2025-12-08T09:41:44.606Z,35.291,70.5468,106.502,4.1,mb,38,204,3.393,0.98,us,us6000rtce,2026-01-07T09:12:55.040Z,"37 km WSW of Pārūn, Afghanistan",earthquake,11.46,10.345,0.117,21,reviewed,us,us
2025-12-08T04:48:51.329Z,23.0944,94.8608,94.964,4.2,mb,19,129,1.88,0.49,us,us7000rmss,2026-01-06T23:25:41.040Z,"76 km SE of Mawlaik, Burma (Myanmar)",earthquake,14.29,10.808,0.146,13,reviewed,us,us
2025-12-07T02:43:07.029Z,29.9125,80.9401,35,4.5,mb,21,165,8.854,0.96,us,us7000rkd1,2026-02-05T02:07:57.040Z,"38 km ENE of Dārchulā, Nepal",earthquake,11.87,1.97,0.144,14,reviewed,us,us
2025-12-06T19:10:49.355Z,34.1626,73.6281,10,4.4,mb,22,153,4.243,1.08,us,us6000rsxu,2026-02-27T05:31:01.040Z,"27 km SSE of Muzaffarābād, Pakistan",earthquake,10.66,1.926,0.143,14,reviewed,us,us
2025-12-06T13:07:34.763Z,37.1388,68.2923,10,4.6,mb,34,148,1.619,0.57,us,us6000rswz,2026-02-06T14:24:11.040Z,"19 km SE of Shahritus, Tajikistan",earthquake,8.29,1.926,0.085,42,reviewed,us,us
2025-12-06T02:40:28.887Z,36.7425,70.7593,156.418,4.2,mb,22,240,2.083,0.35,us,us7000rk50,2025-12-25T22:53:34.040Z,"15 km SSW of Jurm, Afghanistan",earthquake,10.08,12.669,0.215,6,reviewed,us,us
2025-12-05T18:06:37.924Z,32.8569,76.0845,18.813,4,mb,21,295,6.183,0.77,us,us6000rst2,2025-12-31T16:25:35.040Z,"33 km N of Chamba, India",earthquake,15.87,9.083,0.155,12,reviewed,us,us
2025-12-04T11:59:01.015Z,29.1109,87.0043,10,4.1,mb,36,168,3.646,1.26,us,us7000rfhw,2025-12-27T14:38:45.040Z,"130 km N of Lobuche, Nepal",earthquake,10.55,1.93,0.103,26,reviewed,us,us
2025-12-04T00:21:31.583Z,35.2286,76.6052,10,4.2,mb,21,171,4.518,0.69,us,us7000rffd,2025-12-30T02:44:15.040Z,"37 km NNW of Thang, India",earthquake,8.87,1.974,0.159,11,reviewed,us,us
2025-12-04T00:14:40.236Z,23.7187,90.427,10,4.1,mb,29,147,4.847,0.39,us,us7000rfgq,2025-12-30T02:37:28.817Z,"2 km ENE of Dhaka, Bangladesh",earthquake,9.98,1.763,0.117,20,reviewed,us,us
2025-12-03T14:45:21.227Z,36.4155,74.3137,47.367,4.3,mb,46,165,2.389,0.77,us,us6000rs7s,2026-02-12T08:35:58.040Z,"35 km WNW of Barishal, Pakistan",earthquake,10.31,9.496,0.094,32,reviewed,us,us
2025-12-03T05:30:07.681Z,37.8111,72.1989,187.016,4.2,mb,33,168,0.549,1.39,us,us6000rs4y,2025-12-29T14:01:09.040Z,"67 km ENE of Khorugh, Tajikistan",earthquake,4.99,6.05,0.176,11,reviewed,us,us
2025-12-02T11:01:09.803Z,21.9235,95.9869,10,4.8,mb,38,75,1.226,0.44,us,us6000rvt6,2026-02-25T16:18:42.040Z,"5 km N of Sagaing, Burma (Myanmar)",earthquake,8.07,1.898,0.105,28,reviewed,us,us
2025-12-02T10:56:23.331Z,31.9102,92.921,10,4.8,mb,113,38,2.687,0.44,us,us7000rf1d,2026-02-25T16:18:42.040Z,"94 km ENE of Nagqu, China",earthquake,7.51,1.859,0.052,117,reviewed,us,us
2025-12-02T01:56:31.335Z,20.4905,92.3253,10,4.1,mb,16,163,2.526,0.6,us,us6000rvrt,2026-02-25T16:18:41.040Z,"40 km S of Teknāf, Bangladesh",earthquake,9.3,1.984,0.234,5,reviewed,us,us
2025-12-01T23:05:14.723Z,37.2868,72.0551,108.958,4.2,mb,49,165,1.079,0.8,us,us7000rezb,2026-02-25T16:18:41.040Z,"43 km NNW of Khandūd, Afghanistan",earthquake,8.65,6.513,0.105,25,reviewed,us,us
2025-12-01T18:55:15.922Z,22.8791,94.4717,99.301,4.8,mb,94,64,4.817,0.71,us,us7000rews,2026-02-25T16:18:41.040Z,"81 km E of Falam, Burma (Myanmar)",earthquake,9.03,6.922,0.056,100,reviewed,us,us
2025-12-01T04:51:06.704Z,36.8332,71.0559,205.599,4.2,mb,30,185,1.863,0.44,us,us7000retv,2026-02-25T16:18:40.040Z,"20 km E of Jurm, Afghanistan",earthquake,9.35,9.21,0.146,13,reviewed,us,us
2025-11-30T04:57:07.984Z,30.2518,79.4611,25.331,4.3,mb,22,177,9.893,0.78,us,us6000rvhu,2026-02-25T16:18:39.040Z,"19 km S of Pīpalkoti, India",earthquake,12.89,6.51,0.138,15,reviewed,us,us
2025-11-30T03:11:50.654Z,36.661,70.6139,109.922,4.2,mb,25,238,2.221,1.05,us,us6000rvi1,2026-02-25T16:18:39.040Z,"29 km SW of Jurm, Afghanistan",earthquake,9.59,11.274,0.199,8,reviewed,us,us
2025-11-28T22:53:31.758Z,37.1913,96.3388,10,4.6,mb,51,68,6.047,1.02,us,us7000reiv,2026-02-25T16:18:37.040Z,"257 km SW of Yanglong, China",earthquake,6.72,1.89,0.073,57,reviewed,us,us
2025-11-27T10:15:17.099Z,23.9741,90.5388,10,4.1,mb,19,188,4.894,0.87,us,us7000re4q,2026-02-25T16:18:34.040Z,"16 km ENE of Tungi, Bangladesh",earthquake,8.64,1.956,0.173,9,reviewed,us,us
2025-11-27T09:08:09.723Z,36.9786,71.2215,126.644,4.3,mb,22,200,1.667,0.63,us,us6000rv0t,2026-02-25T16:18:34.040Z,"36 km ENE of Jurm, Afghanistan",earthquake,8.14,11.206,0.216,6,reviewed,us,us
2025-11-25T23:09:48.486Z,36.4796,68.9753,65.454,4.4,mb,44,166,2.178,0.62,us,us7000rdu1,2026-02-20T16:07:42.040Z,"25 km SSW of Khanabad, Afghanistan",earthquake,10.54,9.558,0.088,37,reviewed,us,us
2025-11-23T22:27:57.070Z,34.9571,97.3443,10,4.3,mb,41,138,5.279,0.66,us,us6000rpzy,2026-02-20T16:07:35.040Z,"Southern Qinghai, China",earthquake,11.96,1.898,0.085,39,reviewed,us,us
2025-11-23T07:57:21.789Z,13.4046,95.7949,10,4.2,mb,21,173,4.006,0.33,us,us6000ru5d,2026-02-20T16:07:38.040Z,"269 km WSW of Dawei, Burma (Myanmar)",earthquake,12.52,1.946,0.159,11,reviewed,us,us
2025-11-23T04:39:22.415Z,13.3595,95.8101,10,5.3,mww,62,93,3.5,1.07,us,us6000rpwk,2026-02-20T16:07:34.040Z,"269 km WSW of Dawei, Burma (Myanmar)",earthquake,8.74,1.858,0.063,24,reviewed,us,us
2025-11-22T12:06:04.494Z,23.7585,90.4588,10,4.3,mb,31,172,4.842,0.81,us,us6000rptl,2026-02-20T16:07:33.040Z,"5 km ENE of Paltan, Bangladesh",earthquake,12.37,1.936,0.122,19,reviewed,us,us
2025-11-21T07:29:10.079Z,36.4762,70.2681,200.224,4,mb,21,162,2.164,0.48,us,us6000rtnd,2026-02-20T16:07:37.040Z,"38 km ESE of Farkhār, Afghanistan",earthquake,10.68,10.671,0.138,14,reviewed,us,us
2025-11-21T04:38:28.942Z,23.8578,90.5404,27,5.4,mww,115,49,4.83,0.89,us,us6000rpht,2026-02-20T16:07:32.040Z,"14 km ESE of Tungi, Bangladesh",earthquake,7.89,1.88,0.062,25,reviewed,us,us
2025-11-21T03:08:45.664Z,36.2597,69.7281,158.58,4.1,mb,26,149,1.807,1.09,us,us6000rphj,2026-02-20T16:07:32.040Z,"36 km SSW of Farkhār, Afghanistan",earthquake,6.58,14.377,0.233,5,reviewed,us,us
2025-11-20T23:34:02.387Z,37.5599,72.4465,191.888,4.2,mb,39,165,0.752,0.76,us,us6000rpgs,2026-02-20T16:07:32.040Z,"68 km N of Khandūd, Afghanistan",earthquake,8.66,4.525,0.146,13,reviewed,us,us
2025-11-20T21:39:13.626Z,36.2397,71.2672,113.684,4.9,mb,90,81,2.286,0.76,us,us6000rpg9,2026-02-20T16:07:32.040Z,"54 km SSW of Ashkāsham, Afghanistan",earthquake,7.23,6.798,0.054,105,reviewed,us,us
2025-11-19T05:25:58.766Z,37.1785,72.0365,92.388,4.2,mb,23,170,2.303,0.49,us,us6000rp32,2026-02-20T16:07:30.040Z,"35 km NW of Khandūd, Afghanistan",earthquake,5.17,15.372,0.176,9,reviewed,us,us
2025-11-18T04:15:44.332Z,32.4703,84.6414,10,4.2,mb,37,156,6.209,1.23,us,us6000rnw2,2026-02-10T15:55:13.040Z,"western Xizang",earthquake,10.3,1.924,0.11,23,reviewed,us,us
2025-11-17T01:04:39.912Z,21.8677,93.6071,61.177,4.1,mb,28,135,1.386,0.4,us,us7000rfkz,2026-02-10T15:55:17.040Z,"86 km S of Hakha, Burma (Myanmar)",earthquake,12.72,9.574,0.127,17,reviewed,us,us
2025-11-16T19:56:07.660Z,35.7267,76.9374,10,4.5,mb,64,96,4.399,0.49,us,us6000rnmh,2026-02-10T15:55:11.040Z,"89 km N of Thang, India",earthquake,9.04,1.905,0.078,49,reviewed,us,us
2025-11-15T03:14:55.403Z,36.8634,70.9321,163.091,4.2,mb,26,253,1.901,0.92,us,us6000rs8q,2026-02-10T15:55:15.040Z,"8 km E of Jurm, Afghanistan",earthquake,4.82,8.698,0.166,10,reviewed,us,us
2025-11-14T09:56:48.902Z,36.3656,77.0742,10,4.3,mb,19,236,4.141,1.33,us,us6000rs69,2026-02-10T15:55:15.040Z,"159 km SSE of Damusi, China",earthquake,11.64,1.985,0.177,9,reviewed,us,us
2025-11-14T09:38:46.667Z,23.9664,94.4815,53.099,4.3,mb,31,112,2.777,1.02,us,us6000rs68,2026-02-10T15:55:15.040Z,"36 km NNE of Mawlaik, Burma (Myanmar)",earthquake,12.43,8.304,0.116,21,reviewed,us,us
2025-11-12T08:48:18.764Z,36.4287,70.5978,203.322,4.1,mb,28,174,2.252,0.93,us,us7000rex9,2026-02-10T15:55:16.040Z,"52 km SSW of Jurm, Afghanistan",earthquake,7.6,10.812,0.198,7,reviewed,us,us
2025-11-11T23:04:10.315Z,36.27,77.8646,10,4.4,mb,59,130,4.749,0.88,us,us6000rmv6,2026-01-29T22:05:23.040Z,"138 km SW of Zangguy, China",earthquake,8.53,1.952,0.098,30,reviewed,us,us
2025-11-10T22:44:14.464Z,29.0846,86.7036,10,4.5,mb,26,164,3.909,0.71,us,us7000refy,2026-01-29T22:05:28.040Z,"126 km N of Lobuche, Nepal",earthquake,9.68,1.889,0.124,19,reviewed,us,us
2025-11-10T20:16:45.573Z,8.0905,91.8312,10,4.5,mb,40,171,5.822,0.94,us,us6000rmnf,2026-01-29T22:05:34.040Z,"Nicobar Islands, India region",earthquake,10.74,1.914,0.102,28,reviewed,us,us
2025-11-09T06:38:31.475Z,12.4989,93.7511,132.652,5.4,mww,103,50,4.923,0.78,us,us6000rmdj,2026-01-29T22:05:30.040Z,"143 km NE of Port Blair, India",earthquake,8.62,5.589,0.05,39,reviewed,us,us
2025-11-09T02:53:47.610Z,7.4719,94.371,10,4.4,mb,24,92,3.394,0.83,us,us7000rec4,2026-01-29T22:05:30.040Z,"203 km NNW of Sabang, Indonesia",earthquake,9.89,1.89,0.135,16,reviewed,us,us
2025-11-07T21:44:44.263Z,30.2993,67.8799,10,4.3,mb,57,99,4.335,0.9,us,us6000rm6y,2026-01-29T22:05:32.040Z,"17 km ESE of Ziarat, Pakistan",earthquake,6.13,1.878,0.093,34,reviewed,us,us
2025-11-05T22:10:40.049Z,34.5689,70.7024,10,4.2,mb,25,152,1.295,1.2,us,us6000rls4,2026-01-29T22:05:31.040Z,"27 km NE of Jalālābād, Afghanistan",earthquake,8.26,1.965,0.112,22,reviewed,us,us
2025-11-05T20:58:40.288Z,37.5165,71.8936,158.217,4.1,mb,23,258,1.959,0.58,us,us6000rlrv,2026-01-29T22:05:31.040Z,"30 km E of Khorugh, Tajikistan",earthquake,11.31,12.133,0.233,5,reviewed,us,us
2025-11-03T20:57:22.312Z,28.5267,87.3673,10,4.7,mb,64,79,3.493,0.77,us,us6000rl8r,2026-01-27T17:59:07.040Z,"84 km NE of Lobuche, Nepal",earthquake,9.64,1.872,0.058,89,reviewed,us,us
2025-11-03T01:33:01.974Z,25.0088,95.3102,117.957,4.6,mb,94,52,3.803,0.52,us,us6000rl3w,2026-01-27T17:59:06.040Z,"109 km SE of Phek, India",earthquake,8.09,7.087,0.065,70,reviewed,us,us
2025-11-02T20:29:02.008Z,36.5461,67.3886,28,6.2,mww,118,46,2.47,0.86,us,us6000rl31,2026-02-27T21:53:02.045Z,"30 km SE of Mazār-e Sharīf, Afghanistan",earthquake,6.99,1.878,0.066,22,reviewed,us,us
2025-11-01T19:03:56.053Z,37.3274,70.006,10,5,mb,80,58,1.487,0.71,us,us6000rkyf,2026-01-27T17:59:04.040Z,"27 km NE of Rustāq, Afghanistan",earthquake,5.54,1.82,0.049,134,reviewed,us,us
2025-11-01T12:12:18.801Z,36.3495,75.9757,10,4.3,mb,24,210,3.403,1.26,us,us6000rkxf,2026-01-27T17:59:04.040Z,"115 km E of Barishal, Pakistan",earthquake,11.58,1.98,0.129,17,reviewed,us,us
2025-10-31T22:08:57.423Z,36.532,70.3696,194.836,4,mb,34,89,2.251,0.42,us,us6000rkv1,2026-01-27T17:59:04.040Z,"46 km E of Farkhār, Afghanistan",earthquake,4,10.51,0.172,10,reviewed,us,us
2025-10-30T17:25:27.913Z,36.6715,71.2243,119.632,4.4,mb,41,167,1.921,0.75,us,us6000rken,2026-01-27T17:59:02.040Z,"27 km W of Ashkāsham, Afghanistan",earthquake,7.14,9.879,0.102,28,reviewed,us,us
2025-10-29T14:04:39.556Z,37.3133,69.7399,17.654,4.5,mb,42,75,1.418,0.66,us,us6000rk5t,2026-01-27T17:59:01.040Z,"20 km SE of Yangī Qal‘ah, Afghanistan",earthquake,5.15,3.526,0.113,23,reviewed,us,us
2025-10-29T09:13:21.953Z,37.2247,69.6706,10,4.5,mb,30,126,1.486,0.64,us,us6000rk56,2026-01-27T17:59:01.040Z,"17 km NW of Rustāq, Afghanistan",earthquake,3.49,1.888,0.128,18,reviewed,us,us
2025-10-29T05:30:59.485Z,21.9867,93.6089,47.028,4.6,mb,78,84,1.444,0.84,us,us6000rk49,2026-01-27T17:59:00.040Z,"72 km S of Hakha, Burma (Myanmar)",earthquake,9.36,7.026,0.069,63,reviewed,us,us
2025-10-27T08:43:15.081Z,37.403,75.7878,10,4.5,mb,38,160,2.767,0.77,us,us6000rjpm,2026-01-15T22:46:56.040Z,"82 km WSW of Damusi, China",earthquake,9.4,1.912,0.115,22,reviewed,us,us
2025-10-27T08:22:53.538Z,6.4695,93.6271,47.953,4.1,mb,20,201,3.525,1.1,us,us6000rnt1,2026-01-15T22:46:56.040Z,"197 km WNW of Sabang, Indonesia",earthquake,8.07,9.763,0.139,14,reviewed,us,us
2025-10-26T15:03:00.757Z,29.2614,99.6697,25.117,4.9,mb,70,66,7.459,0.57,us,us6000rjkg,2026-01-15T22:46:55.040Z,"65 km WNW of Daocheng, China",earthquake,8.12,5.022,0.065,74,reviewed,us,us
2025-10-24T18:01:10.698Z,36.7989,71.0557,223.427,4,mb,20,178,1.89,0.69,us,us6000rj9q,2026-01-15T22:46:51.040Z,"21 km ESE of Jurm, Afghanistan",earthquake,8.67,9.084,0.164,11,reviewed,us,us
2025-10-24T00:39:44.615Z,36.4351,70.9622,121.312,4.3,mb,26,88,2.233,1.32,us,us6000rn92,2026-01-15T22:46:49.040Z,"49 km SSE of Jurm, Afghanistan",earthquake,7.55,8.818,0.161,11,reviewed,us,us
2025-10-22T15:07:57.331Z,5.2907,94.8423,75.831,4.9,mb,63,137,2.097,0.64,us,us6000rinn,2026-01-15T22:46:47.040Z,"61 km WSW of Banda Aceh, Indonesia",earthquake,9.25,8.043,0.083,46,reviewed,us,us
2025-10-21T18:14:48.925Z,36.6073,71.1564,237.514,5.1,mww,131,29,2.589,0.78,us,us6000riia,2026-01-09T15:38:43.040Z,"34 km WSW of Ashkāsham, Afghanistan",earthquake,7.22,5.262,0.063,24,reviewed,us,us
2025-10-21T17:31:40.115Z,22.468,94.3264,88.314,4.2,mb,28,113,1.371,0.86,us,us6000rmtc,2026-01-09T15:38:47.040Z,"76 km ESE of Hakha, Burma (Myanmar)",earthquake,9.87,4.638,0.132,17,reviewed,us,us
2025-10-21T14:59:40.611Z,29.0245,85.3683,10,4.1,mb,25,163,5.072,0.44,us,us6000rmt6,2026-01-09T15:38:47.040Z,"35 km SSE of Saga, China",earthquake,9.46,1.84,0.103,26,reviewed,us,us
2025-10-21T05:59:30.501Z,36.7754,72.9519,10,4.9,mb,68,79,1.579,0.98,us,us6000riej,2026-01-09T15:38:43.040Z,"59 km ESE of Khandūd, Afghanistan",earthquake,7.46,1.853,0.063,79,reviewed,us,us
2025-10-20T21:56:24.344Z,36.9739,72.7259,10,4.2,mb,19,153,1.35,0.79,us,us6000ricz,2026-01-09T15:38:42.040Z,"36 km E of Khandūd, Afghanistan",earthquake,11.18,1.975,0.128,17,reviewed,us,us
2025-10-20T05:42:01.252Z,30.0981,70.1192,10,4.7,mb,66,100,4.482,0.73,us,us6000ri96,2026-01-09T15:38:42.040Z,"50 km W of Dera Ghazi Khan, Pakistan",earthquake,7.3,1.884,0.085,42,reviewed,us,us
2025-10-20T01:00:56.537Z,36.5231,70.6484,197.741,4,mb,27,173,2.308,0.71,us,us6000ri89,2026-01-09T15:38:42.040Z,"41 km SSW of Jurm, Afghanistan",earthquake,7.95,6.028,0.144,13,reviewed,us,us
2025-10-19T22:50:45.689Z,36.2997,69.5334,129.301,4.2,mb,51,103,1.81,0.64,us,us6000ri7p,2026-01-09T15:38:41.040Z,"42 km SW of Farkhār, Afghanistan",earthquake,6.12,9.216,0.105,25,reviewed,us,us
2025-10-19T21:57:47.958Z,37.0238,72.7686,79.311,4.4,mb,40,107,1.306,0.47,us,us6000ri7h,2026-01-09T15:38:41.040Z,"40 km E of Khandūd, Afghanistan",earthquake,8.52,7.892,0.093,33,reviewed,us,us
2025-10-19T13:59:34.282Z,36.8602,72.8741,10,5,mb,59,98,1.483,0.72,us,us6000ri5v,2026-01-09T15:38:41.040Z,"50 km ESE of Khandūd, Afghanistan",earthquake,6.67,1.756,0.048,145,reviewed,us,us
2025-10-19T05:42:01.035Z,36.9062,72.866,10,4.3,mb,31,251,1.436,0.55,us,us6000ri3y,2026-01-09T15:38:41.040Z,"49 km E of Khandūd, Afghanistan",earthquake,8.74,1.98,0.111,23,reviewed,us,us
2025-10-18T22:03:42.869Z,37.0652,72.3774,10,4.4,mb,9,131,1.248,1.38,us,us6000ri2t,2026-01-09T15:38:40.040Z,"13 km NNE of Khandūd, Afghanistan",earthquake,11.52,1.908,0.202,7,reviewed,us,us
2025-10-18T10:51:01.763Z,36.7419,73.0538,10,4.5,mb,26,110,1.632,0.81,us,us6000ri0n,2026-01-09T15:38:40.040Z,"69 km ESE of Khandūd, Afghanistan",earthquake,8.48,1.919,0.113,23,reviewed,us,us
2025-10-17T16:39:18.873Z,17.0079,96.1659,10,3.9,mb,17,124,0.143,0.65,us,us7000rk6w,2026-01-09T15:38:47.040Z,"22 km N of Yangon, Burma (Myanmar)",earthquake,7.4,1.964,0.171,10,reviewed,us,us
2025-10-17T14:50:16.676Z,36.9316,72.806,10,4.5,mb,41,106,1.402,0.68,us,us6000rhsk,2026-01-09T15:38:39.040Z,"43 km E of Khandūd, Afghanistan",earthquake,8.35,1.904,0.07,60,reviewed,us,us
2025-10-17T12:15:03.739Z,36.7572,72.8064,8,5.5,mww,110,41,1.574,0.94,us,us6000rhs3,2026-01-09T15:38:39.040Z,"48 km ESE of Khandūd, Afghanistan",earthquake,7.64,1.839,0.063,24,reviewed,us,us
2025-10-16T23:53:36.788Z,34.3423,70.8571,10,4.7,mb,61,132,1.434,1.18,us,us6000rhpc,2026-01-09T15:38:38.040Z,"10 km N of Bāsawul, Afghanistan",earthquake,7.96,1.886,0.075,53,reviewed,us,us
2025-10-16T22:10:23.971Z,13.3577,92.5564,15.163,5,mb,89,65,4.921,0.85,us,us6000rhnm,2026-01-09T15:38:38.040Z,"184 km N of Bamboo Flat, India",earthquake,9.59,4.409,0.056,105,reviewed,us,us
2025-10-16T06:57:54.913Z,24.7905,95.4782,191.422,4.8,mb,77,53,3.605,0.57,us,us6000rhhd,2026-01-09T15:38:37.040Z,"138 km SE of Phek, India",earthquake,8.16,6.283,0.069,65,reviewed,us,us
2025-10-16T04:36:56.533Z,22.8131,95.8413,10,4.4,mb,26,99,1.815,0.72,us,us6000rlw6,2026-01-09T15:38:45.040Z,"30 km NNE of Shwebo, Burma (Myanmar)",earthquake,9.32,1.919,0.134,16,reviewed,us,us
2025-10-15T10:07:01.078Z,36.6819,70.6415,270.252,4.2,mb,40,91,2.191,0.73,us,us6000rlq6,2026-01-09T15:38:44.040Z,"26 km SW of Jurm, Afghanistan",earthquake,8.87,8.001,0.132,16,reviewed,us,us
2025-10-14T19:23:30.898Z,29.639,81.421,10,4.6,mb,76,45,8.445,0.76,us,us6000rh67,2026-01-01T23:11:13.040Z,"62 km NE of Dipayal, Nepal",earthquake,9.45,1.886,0.076,51,reviewed,us,us
2025-10-14T15:23:20.439Z,36.646,71.1433,88.954,4,mb,21,96,1.977,0.55,us,us6000rh2h,2026-01-01T23:11:13.040Z,"35 km W of Ashkāsham, Afghanistan",earthquake,7.47,10.213,0.138,15,reviewed,us,us
2025-10-14T14:00:07.728Z,30.9115,77.3908,15.386,4.4,mb,39,119,7.829,0.82,us,us6000rlfx,2026-01-01T23:11:18.040Z,"10 km NE of Rājgarh, India",earthquake,14.28,4.824,0.108,25,reviewed,us,us
2025-10-13T15:58:29.114Z,36.7989,74.5496,10,4.7,mb,77,84,2.231,0.73,us,us6000rgv9,2026-01-01T23:11:12.040Z,"54 km NNW of Barishal, Pakistan",earthquake,9.58,1.841,0.062,79,reviewed,us,us
2025-10-13T05:40:30.144Z,22.4404,94.5319,105.63,4.5,mb,84,52,1.28,0.43,us,us6000rgtt,2026-01-01T23:11:11.040Z,"72 km WNW of Monywa, Burma (Myanmar)",earthquake,8.13,6.785,0.066,67,reviewed,us,us
2025-10-11T14:53:55.773Z,31.1703,71.0285,10,4.6,mb,56,108,3.696,0.73,us,us6000rgl6,2026-01-01T23:11:09.040Z,"9 km SE of Karor, Pakistan",earthquake,9.93,1.906,0.074,55,reviewed,us,us
2025-10-10T15:01:17.305Z,36.0379,70.5999,112.628,4.1,mb,19,93,1.935,0.78,us,us6000rg56,2026-01-01T23:11:07.040Z,"74 km NNW of Pārūn, Afghanistan",earthquake,4.83,9.258,0.158,11,reviewed,us,us
2025-10-10T03:10:15.520Z,31.4156,99.7785,10,4.3,mb,18,228,5.582,0.71,us,us6000rkll,2026-01-01T23:11:15.040Z,"249 km E of Qamdo, China",earthquake,8.44,2.008,0.161,11,reviewed,us,us
2025-10-10T00:23:55.995Z,18.5245,93.682,10,4.8,mb,77,63,2.876,0.84,us,us6000rfws,2026-01-01T23:11:06.040Z,"165 km WSW of Pyay, Burma (Myanmar)",earthquake,6.84,1.85,0.064,76,reviewed,us,us
2025-10-09T07:37:10.743Z,36.8737,75.5702,10,4.4,mb,26,122,2.84,1.28,us,us6000rfse,2026-01-01T23:11:05.040Z,"99 km NE of Barishal, Pakistan",earthquake,6.95,1.75,0.143,14,reviewed,us,us
2025-10-09T05:34:22.886Z,30.8371,99.9943,10,4.5,mb,46,109,5.97,0.64,us,us6000rkdr,2026-01-01T23:11:14.040Z,"201 km N of Daocheng, China",earthquake,8.93,1.902,0.098,31,reviewed,us,us
2025-10-09T05:17:40.662Z,30.8826,99.8979,10,5.5,mww,151,34,5.973,0.52,us,us6000rfs1,2026-01-01T23:11:05.040Z,"208 km N of Daocheng, China",earthquake,4.68,1.804,0.063,24,reviewed,us,us
2025-10-08T04:07:44.718Z,36.2555,70.3779,94.472,4.3,mb,20,172,2.012,1.23,us,us6000rk8b,2026-01-01T23:11:13.040Z,"58 km SE of Farkhār, Afghanistan",earthquake,5.27,15.738,0.201,7,reviewed,us,us
2025-10-08T03:18:38.214Z,34.5893,70.7443,10,4.3,mb,29,87,1.331,0.99,us,us6000rfiu,2026-01-01T23:11:04.040Z,"32 km NE of Jalālābād, Afghanistan",earthquake,8.15,1.894,0.122,19,reviewed,us,us
2025-10-07T11:35:28.903Z,37.2837,69.6738,10,5.1,mb,119,66,1.43,0.59,us,us6000rfbw,2025-12-19T22:50:22.040Z,"20 km SSE of Yangī Qal‘ah, Afghanistan",earthquake,7.64,1.807,0.046,156,reviewed,us,us
2025-10-06T14:42:20.828Z,36.504,70.8658,187.072,4,mb,47,82,2.219,1.17,us,us6000rf32,2025-12-19T22:50:14.040Z,"40 km S of Jurm, Afghanistan",earthquake,8.24,8.334,0.144,13,reviewed,us,us
2025-10-06T10:23:19.262Z,36.7989,75.6136,10,4.4,mb,36,151,2.909,1.29,us,us6000rjzp,2025-12-19T22:50:51.040Z,"97 km ENE of Barishal, Pakistan",earthquake,9.68,1.915,0.139,18,reviewed,us,us
2025-10-05T22:45:08.715Z,36.5348,70.9788,172.077,4.2,mb,34,83,2.142,0.98,us,us6000rf04,2025-12-19T22:50:10.040Z,"38 km SSE of Jurm, Afghanistan",earthquake,8.62,8.412,0.152,12,reviewed,us,us
2025-10-05T13:29:27.416Z,30.2805,66.145,10,4.9,mb,56,72,4.921,1.01,us,us6000reyk,2025-12-19T22:50:07.040Z,"76 km SSW of Chaman, Pakistan",earthquake,9.79,1.865,0.062,83,reviewed,us,us
2025-10-04T20:31:03.053Z,10.575,92.8178,58.539,4.5,mb,26,89,9.825,0.7,us,us6000rj7d,2025-12-19T22:50:44.040Z,"120 km S of Port Blair, India",earthquake,13.3,5.629,0.14,16,reviewed,us,us
2025-10-02T03:26:49.991Z,36.5488,76.8831,10,4.3,mb,27,157,3.918,1.21,us,us6000re4k,2025-12-19T22:49:41.040Z,"136 km S of Damusi, China",earthquake,10,1.976,0.16,11,reviewed,us,us
2025-10-02T00:18:52.698Z,29.0247,86.7789,10,4.3,mb,18,163,3.855,0.75,us,us6000rixi,2025-12-19T22:50:29.040Z,"119 km N of Lobuche, Nepal",earthquake,10.65,1.932,0.153,12,reviewed,us,us
2025-10-01T17:51:50.862Z,37.4074,66.2685,10,4.3,mb,29,145,2.498,0.69,us,us6000riwp,2025-12-19T22:50:28.040Z,"19 km E of Qarqīn, Afghanistan",earthquake,9.75,1.976,0.2,7,reviewed,us,us
2025-10-01T04:33:50.464Z,24.7683,66.3744,10,4.2,mb,24,177,9.238,1.24,us,us6000rix3,2025-12-19T22:50:29.040Z,"53 km SW of Gadani, Pakistan",earthquake,10.75,1.962,0.124,18,reviewed,us,us
2025-09-30T12:29:41.166Z,37.4794,72.3715,210.974,4.2,mb,26,257,0.837,0.61,us,us6000ripa,2025-12-11T21:40:46.040Z,"58 km N of Khandūd, Afghanistan",earthquake,11.21,9.06,0.215,6,reviewed,us,us
2025-09-30T00:40:03.656Z,24.6798,94.7389,93.408,4.9,mb,80,49,5.602,0.94,us,us6000rdpe,2025-12-11T21:40:39.040Z,"69 km E of Wāngjing, India",earthquake,8.61,5.744,0.054,110,reviewed,us,us
2025-09-28T00:55:36.243Z,19.1121,96.4997,10,4.4,mb,38,113,1.398,0.8,us,us6000riaf,2025-12-11T21:40:42.040Z,"19 km NNE of Taungoo, Burma (Myanmar)",earthquake,7.2,1.905,0.11,24,reviewed,us,us
2025-09-27T22:46:06.804Z,34.2726,70.6976,10,4.4,mb,34,225,1.315,0.68,us,us6000rddd,2025-12-11T21:40:44.040Z,"16 km N of Markaz-e Woluswalī-ye Āchīn, Afghanistan",earthquake,8.54,1.966,0.117,21,reviewed,us,us
2025-09-26T03:17:25.867Z,36.4699,70.9099,200.933,4.7,mb,76,64,2.227,0.93,us,us6000rd14,2025-12-11T21:40:39.040Z,"44 km S of Jurm, Afghanistan",earthquake,7.68,6.112,0.047,136,reviewed,us,us
2025-09-24T09:55:04.290Z,37.0357,69.1355,10,4.3,mb,19,255,1.618,0.52,us,us6000rci1,2025-12-11T21:40:47.040Z,"11 km SSW of Dasht-e Archī, Afghanistan",earthquake,7.91,1.992,0.188,8,reviewed,us,us
2025-09-24T09:32:32.141Z,37.1381,69.1917,10,4.5,mb,26,108,1.516,1.13,us,us6000rchy,2025-12-11T21:40:37.040Z,"2 km ENE of Dasht-e Archī, Afghanistan",earthquake,5.06,1.933,0.135,16,reviewed,us,us
2025-09-24T08:53:34.946Z,36.0682,76.9003,10,4.3,mb,27,117,4.177,1.15,us,us6000rhln,2025-12-11T21:40:37.040Z,"126 km N of Thang, India",earthquake,7.98,1.967,0.202,8,reviewed,us,us
2025-09-24T08:36:06.682Z,6.3533,94.2208,59.396,4.6,mb,24,128,2.933,0.85,us,us6000rhkw,2025-12-11T21:40:40.040Z,"131 km WNW of Sabang, Indonesia",earthquake,10.07,8.786,0.157,12,reviewed,us,us
2025-09-23T10:50:33.281Z,34.6248,70.6489,10,4.9,mb,91,61,1.254,0.48,us,us6000rc98,2025-12-06T16:00:09.040Z,"28 km NE of Jalālābād, Afghanistan",earthquake,7.87,1.842,0.044,160,reviewed,us,us
2025-09-22T23:19:16.540Z,21.2003,95.7149,141.521,4.1,mb,30,138,2.824,1.21,us,us6000rc6v,2025-12-06T16:00:08.040Z,"38 km NNW of Meiktila, Burma (Myanmar)",earthquake,12.66,10.766,0.12,19,reviewed,us,us
2025-09-22T19:44:22.102Z,36.1436,76.9652,10,4.1,mb,32,151,4.18,0.61,us,us6000rhcg,2025-12-06T16:00:16.040Z,"135 km N of Thang, India",earthquake,9.53,1.935,0.126,17,reviewed,us,us
2025-09-22T19:43:32.444Z,36.3077,77.0619,10,4.4,mb,37,115,3.084,0.89,us,us6000rc5n,2025-12-06T16:00:08.040Z,"155 km N of Thang, India",earthquake,9.14,1.916,0.112,23,reviewed,us,us
2025-09-21T06:19:33.353Z,25.124,91.7482,10,4.2,mb,22,103,8.157,0.67,us,us6000rh35,2025-12-06T16:00:15.040Z,"12 km NE of Chhātak, Bangladesh",earthquake,15.08,1.915,0.128,17,reviewed,us,us
2025-09-20T07:10:07.086Z,37.6191,72.4796,194.655,4.3,mb,42,91,0.693,0.44,us,us7000qxit,2025-12-06T16:00:24.040Z,"75 km N of Khandūd, Afghanistan",earthquake,7.76,7.666,0.142,14,reviewed,us,us
2025-09-19T19:21:15.231Z,35.5543,69.7007,29.449,4.2,mb,17,166,1.136,1.11,us,us6000rgd1,2025-12-06T16:00:13.040Z,"31 km NNE of Bāzārak, Afghanistan",earthquake,7.19,7.425,0.216,6,reviewed,us,us
2025-09-18T12:41:52.979Z,12.2024,95.3077,10,4.8,mb,46,69,4.391,0.84,us,us7000qwyi,2025-12-06T16:00:19.040Z,"285 km ENE of Port Blair, India",earthquake,7.47,1.624,0.1,31,reviewed,us,us
2025-09-17T02:46:53.382Z,34.505,70.6411,10,4.4,mb,43,141,1.244,1.32,us,us7000qwlx,2025-12-06T16:00:18.040Z,"19 km ENE of Jalālābād, Afghanistan",earthquake,8.01,1.917,0.1,29,reviewed,us,us
2025-09-16T08:04:29.893Z,30.2671,69.8789,10,4.6,mb,25,172,4.282,0.9,us,us7000qwfv,2025-12-03T03:58:43.040Z,"53 km NE of Barkhan, Pakistan",earthquake,12.27,1.954,0.133,17,reviewed,us,us
2025-09-16T00:37:45.488Z,27.3684,96.9813,10,4.1,mb,12,164,5.65,0.26,us,us6000rfty,2025-12-03T03:58:42.040Z,"89 km SSE of Hayuliang, India",earthquake,14.85,1.955,0.198,7,reviewed,us,us
2025-09-14T15:18:38.595Z,36.6327,75.4388,10,4.5,mb,29,158,1.956,0.93,us,us7000qw6a,2025-12-03T03:58:32.040Z,"75 km ENE of Barishal, Pakistan",earthquake,5.77,1.932,0.089,37,reviewed,us,us
2025-09-14T14:56:44.808Z,20.9575,93.7795,59.107,4.6,mb,55,155,4.257,0.58,us,us7000qw66,2025-12-03T03:58:32.040Z,"108 km W of Chauk, Burma (Myanmar)",earthquake,5.38,7.183,0.081,45,reviewed,us,us
2025-09-14T11:11:51.373Z,26.7097,92.2103,29,5.5,mww,215,20,3.132,0.81,us,us7000qw56,2025-12-03T03:58:30.040Z,"11 km ESE of Udalguri, India",earthquake,7.83,1.8,0.103,9,reviewed,us,us
2025-09-14T02:54:00.585Z,34.37,75.2787,10,4.1,mb,27,117,3.999,0.6,us,us6000rfds,2025-12-03T03:58:27.040Z,"39 km N of Pahlgām, India",earthquake,10.96,1.979,0.165,10,reviewed,us,us
2025-09-13T21:03:04.502Z,28.997,86.6568,10,4.3,mb,26,163,3.966,0.85,us,us6000rf4s,2025-12-03T03:58:24.040Z,"117 km N of Lobuche, Nepal",earthquake,12.53,1.939,0.119,21,reviewed,us,us
2025-09-13T05:39:47.108Z,25.9678,96.9455,10,4.5,mb,23,133,5.253,0.74,us,us6000rf3n,2025-12-03T03:58:18.040Z,"29 km SSE of Sarupathar, India",earthquake,10.86,1.924,0.156,12,reviewed,us,us
2025-09-12T21:42:10.839Z,29.1796,87.0157,10,5,mb,73,73,3.624,0.75,us,us7000qvtp,2025-12-03T03:58:15.040Z,"137 km N of Lobuche, Nepal",earthquake,7.3,1.476,0.044,165,reviewed,us,us
2025-09-12T19:02:02.965Z,36.5615,71.0773,199.491,4.2,mb,57,95,2.584,0.58,us,us7000qvse,2025-12-03T03:58:13.040Z,"40 km SSE of Jurm, Afghanistan",earthquake,5.17,8.594,0.09,34,reviewed,us,us
2025-09-12T17:36:02.794Z,37.0475,75.4095,10,4.7,mb,144,45,2.642,0.63,us,us7000qvrb,2025-12-03T03:58:12.040Z,"102 km NE of Barishal, Pakistan",earthquake,7.18,1.808,0.049,129,reviewed,us,us
2025-09-08T21:26:08.362Z,34.1975,87.7608,10,4.2,mb,27,140,5.316,0.87,us,us6000reab,2025-11-30T23:40:51.040Z,"western Xizang",earthquake,12.01,1.931,0.128,17,reviewed,us,us
2025-09-08T05:45:54.033Z,26.9293,91.7415,41.144,4.3,mb,60,155,2.816,0.76,us,us7000qunz,2025-11-30T23:40:42.040Z,"27 km ENE of Samdrup Jongkhar, Bhutan",earthquake,8.76,6.43,0.075,50,reviewed,us,us
2025-09-07T12:32:20.684Z,34.6576,70.6806,10,4.1,mb,14,227,1.283,1.16,us,us7000quk5,2025-11-30T23:40:31.040Z,"33 km NE of Jalālābād, Afghanistan",earthquake,13.72,2.199,0.184,8,reviewed,us,us
2025-09-07T08:19:35.474Z,36.5122,70.5863,205.298,4.3,mb,35,89,2.318,1.04,us,us7000quiz,2025-11-30T23:40:27.040Z,"44 km SSW of Jurm, Afghanistan",earthquake,7.27,8.085,0.108,24,reviewed,us,us
2025-09-07T03:17:06.030Z,19.0137,96.264,10,4.6,mb,69,58,1.634,0.57,us,us7000qui1,2025-11-30T23:40:25.040Z,"19 km WNW of Taungoo, Burma (Myanmar)",earthquake,6.06,1.867,0.074,54,reviewed,us,us
2025-09-07T00:01:20.684Z,34.6792,70.6092,10,4.5,mb,71,104,1.227,1.02,us,us7000quh8,2025-11-30T23:40:23.040Z,"31 km NNE of Jalālābād, Afghanistan",earthquake,8.11,1.908,0.068,64,reviewed,us,us
2025-09-05T23:47:57.732Z,22.9136,93.8678,76.811,4.3,mb,12,149,1.958,0.18,us,us6000rdlw,2025-11-30T23:40:12.040Z,"19 km E of Falam, Burma (Myanmar)",earthquake,11.22,9.031,0.238,6,reviewed,us,us
2025-09-05T17:25:50.466Z,34.5525,70.6837,10,5.2,mb,165,20,1.279,0.97,us,us7000qu8p,2025-11-30T23:40:09.040Z,"25 km ENE of Jalālābād, Afghanistan",earthquake,3.97,2.766,0.035,264,reviewed,us,us
2025-09-05T07:52:08.840Z,34.7136,70.8489,10,4.3,mb,19,238,1.428,0.6,us,us7000qu1e,2025-11-30T23:40:02.040Z,"32 km WSW of Asadābād, Afghanistan",earthquake,14.86,2.009,0.119,20,reviewed,us,us
2025-09-05T05:37:44.496Z,34.6969,70.789,10,4.5,mb,28,136,1.377,0.67,us,us7000qu0q,2025-11-30T23:40:02.040Z,"38 km WSW of Asadābād, Afghanistan",earthquake,10.65,2.313,0.089,37,reviewed,us,us
2025-09-05T02:16:47.737Z,34.7254,70.6555,10,4.8,mb,71,99,1.272,0.69,us,us7000qu02,2025-11-30T23:40:00.040Z,"38 km NNE of Jalālābād, Afghanistan",earthquake,9.16,1.854,0.043,165,reviewed,us,us
2025-09-05T01:32:01.544Z,34.5564,70.7886,10,4.7,mb,44,100,1.366,0.85,us,us6000rdl4,2025-11-30T23:39:59.040Z,"34 km ENE of Jalālābād, Afghanistan",earthquake,9.49,1.892,0.093,35,reviewed,us,us
2025-09-05T01:30:02.494Z,34.8172,70.8104,8.988,5.3,mb,87,47,1.414,0.64,us,us7000qtzt,2025-11-30T23:39:59.040Z,"31 km WSW of Asadābād, Afghanistan",earthquake,8.52,3.76,0.036,264,reviewed,us,us
2025-09-05T00:36:56.469Z,34.5599,70.526,10,4.1,mb,20,231,1.149,1.22,us,us7000qtzc,2025-11-30T23:39:59.040Z,"16 km NNE of Jalālābād, Afghanistan",earthquake,8.49,1.98,0.166,10,reviewed,us,us
2025-09-04T21:46:40.248Z,34.7018,70.6667,10,4.9,mb,50,82,1.277,0.48,us,us7000qtxh,2025-11-30T23:39:58.040Z,"36 km NNE of Jalālābād, Afghanistan",earthquake,9.51,1.86,0.047,143,reviewed,us,us
2025-09-04T21:20:07.319Z,33.5309,81.8601,10,4.2,mb,25,155,7.891,0.85,us,us7000qtx9,2025-11-30T23:39:58.040Z,"western Xizang",earthquake,11.57,1.936,0.166,10,reviewed,us,us
2025-09-04T18:28:22.770Z,34.5739,70.653,10,4.4,mb,49,141,1.255,0.67,us,us7000qtvn,2025-11-30T23:39:56.040Z,"24 km NE of Jalālābād, Afghanistan",earthquake,8.69,2.428,0.08,45,reviewed,us,us
2025-09-04T16:56:26.361Z,34.6972,70.758,16.505,5.6,mww,124,23,1.351,0.81,us,us7000qtst,2025-11-30T23:39:55.040Z,"40 km WSW of Asadābād, Afghanistan",earthquake,5.12,20.127,0.063,24,reviewed,us,us
2025-09-04T13:52:59.171Z,37.2288,71.7385,154.359,4.1,mb,24,98,1.233,0.77,us,us7000qts2,2025-11-30T23:39:54.040Z,"33 km SSE of Khorugh, Tajikistan",earthquake,7.21,6.128,0.198,7,reviewed,us,us
2025-09-04T05:33:33.449Z,23.6498,94.7137,121.439,4.4,mb,29,73,2.44,0.34,us,us7000qtq9,2025-11-30T23:39:48.040Z,"31 km E of Mawlaik, Burma (Myanmar)",earthquake,8.35,8.427,0.12,20,reviewed,us,us
2025-09-04T05:10:52.494Z,34.624,70.7561,10,4.7,mb,75,87,1.342,0.53,us,us7000qtq5,2025-11-30T23:39:48.040Z,"35 km NE of Jalālābād, Afghanistan",earthquake,8.45,2.536,0.064,75,reviewed,us,us
2025-09-04T04:22:01.077Z,21.5879,95.5933,10,4.5,mb,37,179,3.17,1.34,us,us7000qtq7,2025-11-30T23:39:47.040Z,"25 km ENE of Myingyan, Burma (Myanmar)",earthquake,9.81,1.951,0.108,25,reviewed,us,us
2025-09-03T13:52:50.487Z,9.7118,93.6542,10,4.4,mb,46,121,5.522,0.42,us,us6000rd5j,2025-11-30T23:39:37.040Z,"237 km SSE of Port Blair, India",earthquake,8.8,1.911,0.102,28,reviewed,us,us
2025-09-03T00:54:16.398Z,28.1487,99.8704,10,4.2,mb,29,127,7.817,0.61,us,us6000rd4s,2025-11-30T23:39:29.040Z,"39 km NNE of Shangri-La, China",earthquake,10.57,1.942,0.121,19,reviewed,us,us
2025-09-02T21:13:44.362Z,34.6092,70.8142,10,4.1,mb,13,213,1.389,0.67,us,us7000qtda,2025-11-19T21:59:51.040Z,"38 km ENE of Jalālābād, Afghanistan",earthquake,7.08,1.982,0.145,13,reviewed,us,us
2025-09-02T15:08:05.297Z,34.4314,70.9445,10,4.1,mb,17,241,1.498,0.27,us,us7000qta0,2025-11-19T21:59:51.040Z,"21 km NNE of Bāsawul, Afghanistan",earthquake,5.78,1.991,0.158,12,reviewed,us,us
2025-09-02T12:29:38.946Z,34.6057,70.763,10,5.2,mb,168,39,1.347,0.88,us,us7000qt8u,2025-11-19T21:59:50.040Z,"34 km NE of Jalālābād, Afghanistan",earthquake,7.59,1.763,0.032,315,reviewed,us,us
2025-09-01T05:01:47.478Z,34.6356,70.6623,10,4.6,mb,91,80,1.266,0.65,us,us7000qsya,2025-11-19T21:59:48.040Z,"30 km NE of Jalālābād, Afghanistan",earthquake,7.5,1.853,0.057,90,reviewed,us,us
2025-09-01T02:59:53.895Z,34.7105,70.6829,10,4.3,mb,43,123,1.292,0.75,us,us7000qsxz,2025-11-19T21:59:47.040Z,"37 km NE of Jalālābād, Afghanistan",earthquake,7.77,1.909,0.09,35,reviewed,us,us
2025-09-01T02:43:45.617Z,34.705,70.7777,10,4.7,mb,124,79,1.368,0.58,us,us7000qsxx,2025-11-19T21:59:47.040Z,"38 km WSW of Asadābād, Afghanistan",earthquake,7.84,1.845,0.053,108,reviewed,us,us
